{"cameraMode":{"drawMode":0,"name":"Shaded","section":"Shading Mode"},"sceneLighting":false,"audioPlay":false,"sceneViewState":{"showFog":true,"showMaterialUpdate":false,"showSkybox":true,"showFlares":true,"showImageEffects":true,"showParticleSystems":true},"in2DMode":false,"pivot":{"x":40.2691535949707,"y":4.05457878112793,"z":41.858585357666019},"rotation":{"x":-0.10190171003341675,"y":0.06769417226314545,"z":-0.006893440615385771,"w":-0.992504358291626},"size":43.305538177490237,"orthographic":false}